{"cameraMode":{"drawMode":0,"name":"Shaded","section":"Shading Mode"},"sceneLighting":true,"audioPlay":false,"sceneViewState":{"showFog":true,"showMaterialUpdate":false,"showSkybox":true,"showFlares":true,"showImageEffects":true,"showParticleSystems":true,"showVisualEffectGraphs":true,"m_FxEnabled":true},"in2DMode":false,"pivot":{"x":-1.6315944194793702,"y":2.380584478378296,"z":1.3964029550552369},"rotation":{"x":0.06523548811674118,"y":0.9163956046104431,"z":-0.1670486032962799,"w":0.35786378383636477},"size":1.5073950290679932,"orthographic":false}