{"cameraMode":{"drawMode":0,"name":"Shaded","section":"Shading Mode"},"sceneLighting":true,"audioPlay":false,"sceneViewState":{"showFog":true,"showMaterialUpdate":false,"showSkybox":false,"showFlares":true,"showImageEffects":true,"showParticleSystems":true,"showVisualEffectGraphs":true,"m_FxEnabled":true},"in2DMode":false,"pivot":{"x":-1.0412147045135499,"y":1.8207895755767823,"z":-18.961551666259767},"rotation":{"x":0.05845747888088226,"y":-0.01886492781341076,"z":0.001102967537008226,"w":0.9981218576431274},"size":1.611595630645752,"orthographic":false}