{"cameraMode":{"drawMode":0,"name":"Shaded","section":"Shading Mode"},"sceneLighting":true,"audioPlay":false,"sceneViewState":{"showFog":true,"showMaterialUpdate":false,"showSkybox":false,"showFlares":true,"showImageEffects":true,"showParticleSystems":true},"in2DMode":false,"pivot":{"x":-6.020536422729492,"y":-13.95169448852539,"z":11.460514068603516},"rotation":{"x":0.19316928088665009,"y":-0.07703351974487305,"z":0.01521504670381546,"w":0.9780229330062866},"size":26.45138931274414,"orthographic":false}